-- MySQL dump 10.13  Distrib 5.5.11, for Win32 (x86)
--
-- Host: localhost    Database: house
-- ------------------------------------------------------
-- Server version	5.5.11

/*!40101 SET @OLD_CHARACTER_SET_CLIENT=@@CHARACTER_SET_CLIENT */;
/*!40101 SET @OLD_CHARACTER_SET_RESULTS=@@CHARACTER_SET_RESULTS */;
/*!40101 SET @OLD_COLLATION_CONNECTION=@@COLLATION_CONNECTION */;
/*!40101 SET NAMES utf8 */;
/*!40103 SET @OLD_TIME_ZONE=@@TIME_ZONE */;
/*!40103 SET TIME_ZONE='+00:00' */;
/*!40014 SET @OLD_UNIQUE_CHECKS=@@UNIQUE_CHECKS, UNIQUE_CHECKS=0 */;
/*!40014 SET @OLD_FOREIGN_KEY_CHECKS=@@FOREIGN_KEY_CHECKS, FOREIGN_KEY_CHECKS=0 */;
/*!40101 SET @OLD_SQL_MODE=@@SQL_MODE, SQL_MODE='NO_AUTO_VALUE_ON_ZERO' */;
/*!40111 SET @OLD_SQL_NOTES=@@SQL_NOTES, SQL_NOTES=0 */;

--
-- Table structure for table `event_log`
--

DROP TABLE IF EXISTS `event_log`;
/*!40101 SET @saved_cs_client     = @@character_set_client */;
/*!40101 SET character_set_client = utf8 */;
CREATE TABLE `event_log` (
  `e_id` int(11) NOT NULL AUTO_INCREMENT,
  `g_code` int(11) DEFAULT NULL,
  `u_code` int(11) DEFAULT NULL,
  `type` varchar(45) DEFAULT NULL,
  `event_time` datetime DEFAULT NULL,
  PRIMARY KEY (`e_id`)
) ENGINE=InnoDB AUTO_INCREMENT=6 DEFAULT CHARSET=utf8;
/*!40101 SET character_set_client = @saved_cs_client */;

--
-- Dumping data for table `event_log`
--

LOCK TABLES `event_log` WRITE;
/*!40000 ALTER TABLE `event_log` DISABLE KEYS */;
INSERT INTO `event_log` VALUES (1,18,22,'group_changed','2011-06-27 17:05:42'),(2,18,22,'group_member_changed','2011-06-27 17:06:04'),(3,18,22,'group_changed','2011-06-27 17:06:31'),(4,18,22,'group_member_changed','2011-06-27 17:06:58'),(5,NULL,NULL,NULL,'2013-10-02 04:18:00');
/*!40000 ALTER TABLE `event_log` ENABLE KEYS */;
UNLOCK TABLES;

--
-- Table structure for table `group_info`
--

DROP TABLE IF EXISTS `group_info`;
/*!40101 SET @saved_cs_client     = @@character_set_client */;
/*!40101 SET character_set_client = utf8 */;
CREATE TABLE `group_info` (
  `g_code` int(11) NOT NULL AUTO_INCREMENT,
  `group_name` varchar(45) DEFAULT NULL,
  `make_date` datetime DEFAULT NULL,
  `leader_u_code` int(11) DEFAULT NULL,
  `group_photo_path` varchar(45) DEFAULT NULL,
  `is_private` tinyint(1) DEFAULT NULL,
  `group_discription` text,
  PRIMARY KEY (`g_code`),
  KEY `leader_u_code` (`leader_u_code`),
  CONSTRAINT `leader_u_code` FOREIGN KEY (`leader_u_code`) REFERENCES `user_info` (`u_code`) ON DELETE CASCADE ON UPDATE NO ACTION
) ENGINE=InnoDB AUTO_INCREMENT=27 DEFAULT CHARSET=utf8;
/*!40101 SET character_set_client = @saved_cs_client */;

--
-- Dumping data for table `group_info`
--

LOCK TABLES `group_info` WRITE;
/*!40000 ALTER TABLE `group_info` DISABLE KEYS */;
INSERT INTO `group_info` VALUES (1,'연예인조작단',NULL,1,NULL,1,NULL),(2,'FC 장미',NULL,1,NULL,1,NULL),(3,'서신동 패밀리',NULL,2,NULL,1,NULL),(8,'test','2011-05-24 17:09:51',25,NULL,1,NULL),(9,'컴비전','2011-05-25 15:24:29',26,NULL,1,NULL),(13,'ㅅ','2011-06-01 14:39:45',23,NULL,1,NULL),(18,'Alpha','2011-06-24 13:39:07',30,NULL,1,NULL),(21,'테스트','2011-06-24 15:29:13',30,NULL,1,NULL),(22,'가족','2011-07-06 21:04:24',30,NULL,1,NULL),(23,'ㅍㅍ','2011-07-07 01:00:46',30,NULL,1,NULL),(24,'test2','2011-07-08 17:23:31',25,NULL,1,NULL),(25,'Invite test','2011-07-13 17:50:32',25,NULL,1,NULL);
/*!40000 ALTER TABLE `group_info` ENABLE KEYS */;
UNLOCK TABLES;

--
-- Table structure for table `group_invitation_list`
--

DROP TABLE IF EXISTS `group_invitation_list`;
/*!40101 SET @saved_cs_client     = @@character_set_client */;
/*!40101 SET character_set_client = utf8 */;
CREATE TABLE `group_invitation_list` (
  `invitation_id` int(11) NOT NULL AUTO_INCREMENT,
  `g_code` int(11) DEFAULT NULL,
  `from_u_code` int(11) DEFAULT NULL,
  `phone_number` varchar(45) DEFAULT NULL,
  `invite_date` datetime DEFAULT NULL,
  `state` varchar(45) DEFAULT NULL,
  PRIMARY KEY (`invitation_id`),
  KEY `it_g_code` (`g_code`),
  CONSTRAINT `it_g_code` FOREIGN KEY (`g_code`) REFERENCES `group_info` (`g_code`) ON DELETE CASCADE ON UPDATE NO ACTION
) ENGINE=InnoDB AUTO_INCREMENT=45 DEFAULT CHARSET=utf8;
/*!40101 SET character_set_client = @saved_cs_client */;

--
-- Dumping data for table `group_invitation_list`
--

LOCK TABLES `group_invitation_list` WRITE;
/*!40000 ALTER TABLE `group_invitation_list` DISABLE KEYS */;
INSERT INTO `group_invitation_list` VALUES (29,22,30,'01051062749','2011-07-06 21:04:40','wait'),(43,9,26,'01041318129','2011-07-14 19:29:54','wait');
/*!40000 ALTER TABLE `group_invitation_list` ENABLE KEYS */;
UNLOCK TABLES;

--
-- Table structure for table `group_member_info`
--

DROP TABLE IF EXISTS `group_member_info`;
/*!40101 SET @saved_cs_client     = @@character_set_client */;
/*!40101 SET character_set_client = utf8 */;
CREATE TABLE `group_member_info` (
  `member_id` int(11) NOT NULL AUTO_INCREMENT,
  `g_code` int(11) DEFAULT NULL,
  `u_code` int(11) DEFAULT NULL,
  `group_join_date` datetime DEFAULT NULL,
  PRIMARY KEY (`member_id`),
  KEY `g_code` (`g_code`),
  KEY `u_code` (`u_code`),
  CONSTRAINT `g_code` FOREIGN KEY (`g_code`) REFERENCES `group_info` (`g_code`) ON DELETE CASCADE ON UPDATE NO ACTION,
  CONSTRAINT `u_code` FOREIGN KEY (`u_code`) REFERENCES `user_info` (`u_code`) ON DELETE CASCADE ON UPDATE NO ACTION
) ENGINE=InnoDB AUTO_INCREMENT=87 DEFAULT CHARSET=utf8;
/*!40101 SET character_set_client = @saved_cs_client */;

--
-- Dumping data for table `group_member_info`
--

LOCK TABLES `group_member_info` WRITE;
/*!40000 ALTER TABLE `group_member_info` DISABLE KEYS */;
INSERT INTO `group_member_info` VALUES (1,1,2,NULL),(2,1,3,NULL),(3,1,4,NULL),(4,1,5,NULL),(5,1,6,NULL),(6,1,1,NULL),(7,2,1,NULL),(8,2,3,NULL),(9,2,4,NULL),(10,3,1,NULL),(11,3,2,NULL),(12,3,3,NULL),(23,1,23,NULL),(29,1,25,NULL),(30,8,25,'2011-05-24 17:09:51'),(31,1,26,NULL),(32,9,26,'2011-05-25 15:24:29'),(40,3,23,'2011-05-27 17:03:36'),(41,9,23,'2011-05-27 17:06:46'),(43,8,23,'2011-05-31 20:52:38'),(44,9,25,'2011-05-31 20:53:39'),(46,13,23,'2011-06-01 14:39:45'),(47,13,25,'2011-06-01 14:42:59'),(56,3,25,'2011-06-21 21:58:00'),(58,9,30,'2011-06-23 15:18:24'),(59,1,30,'2011-06-23 15:26:17'),(62,18,30,'2011-06-24 13:39:07'),(67,18,31,'2011-06-24 14:48:37'),(68,18,32,'2011-06-24 14:56:22'),(69,18,26,'2011-06-24 15:20:58'),(70,21,30,'2011-06-24 15:29:13'),(71,18,25,'2011-06-24 15:38:46'),(73,21,25,'2011-06-24 15:49:28'),(75,8,30,'2011-07-06 15:01:48'),(76,3,30,'2011-07-06 19:25:20'),(77,22,30,'2011-07-06 21:04:24'),(78,23,30,'2011-07-07 01:00:46'),(79,24,25,'2011-07-08 17:23:31'),(80,24,30,'2011-07-13 17:48:36'),(81,25,25,'2011-07-13 17:50:32'),(83,25,30,'2011-07-13 17:53:44');
/*!40000 ALTER TABLE `group_member_info` ENABLE KEYS */;
UNLOCK TABLES;

--
-- Table structure for table `message_repository`
--

DROP TABLE IF EXISTS `message_repository`;
/*!40101 SET @saved_cs_client     = @@character_set_client */;
/*!40101 SET character_set_client = utf8 */;
CREATE TABLE `message_repository` (
  `m_code` int(11) NOT NULL AUTO_INCREMENT,
  `g_code` int(11) DEFAULT NULL,
  `u_code` int(11) DEFAULT NULL,
  `message` text,
  `write_date_time` datetime DEFAULT NULL,
  PRIMARY KEY (`m_code`),
  KEY `m_g_code` (`g_code`),
  KEY `m_u_code` (`u_code`),
  CONSTRAINT `m_g_code` FOREIGN KEY (`g_code`) REFERENCES `group_info` (`g_code`) ON DELETE CASCADE ON UPDATE NO ACTION,
  CONSTRAINT `m_u_code` FOREIGN KEY (`u_code`) REFERENCES `user_info` (`u_code`) ON DELETE CASCADE ON UPDATE NO ACTION
) ENGINE=InnoDB AUTO_INCREMENT=796 DEFAULT CHARSET=utf8;
/*!40101 SET character_set_client = @saved_cs_client */;

--
-- Dumping data for table `message_repository`
--

LOCK TABLES `message_repository` WRITE;
/*!40000 ALTER TABLE `message_repository` DISABLE KEYS */;
INSERT INTO `message_repository` VALUES (367,1,25,'hi','2011-05-27 00:35:40'),(368,1,23,'How will do you improve the method of communication between the group?','2011-05-27 00:37:40'),(369,1,25,'음, 잘 모르겠는데; 어떻게하는게 효과적일까/ ','2011-05-27 00:39:54'),(371,1,23,'Anyway, we have to make the push server more detaily.','2011-05-27 00:45:07'),(372,1,25,'그건 그래, 우선 서버와 연결을 확실히 해야해','2011-05-27 00:45:52'),(373,1,23,'yeah, Absolutely.','2011-05-27 00:46:25'),(375,1,25,'ㅇㅇ','2011-05-27 00:48:04'),(377,1,23,'But, it isn\'t easy. you should study about that a lot.','2011-05-27 00:51:10'),(378,1,25,'ㅇ아무튼푸시 서버다! ','2011-05-27 00:52:17'),(379,9,23,'Invite test','2011-05-27 17:07:10'),(380,3,23,'d','2011-05-27 20:55:32'),(382,3,23,'w','2011-05-27 22:55:25'),(383,3,23,'w','2011-05-27 22:59:00'),(385,1,23,'j','2011-05-29 15:58:43'),(386,1,23,'e','2011-05-29 16:05:23'),(400,1,25,'test','2011-05-30 15:28:24'),(401,1,25,'Hello, buddy','2011-05-30 15:29:01'),(406,8,23,'hello','2011-05-31 20:53:06'),(407,9,25,'I\'ve just joined.','2011-05-31 20:54:12'),(408,9,23,'Welcome','2011-05-31 20:54:32'),(409,1,26,'제대로작동 중인가요?','2011-05-31 22:29:33'),(410,9,23,'w','2011-05-31 22:53:36'),(411,9,25,'d','2011-05-31 22:57:15'),(412,9,25,'d','2011-05-31 22:57:46'),(413,9,25,'d','2011-05-31 22:58:15'),(414,9,25,'d','2011-05-31 23:03:57'),(415,9,25,'w','2011-05-31 23:04:04'),(423,9,23,'test','2011-06-01 14:09:59'),(424,1,23,'r','2011-06-01 15:28:53'),(425,1,23,'ㄹ','2011-06-01 17:51:05'),(427,3,23,'xxxx','2011-06-02 16:58:58'),(430,9,26,'테스트','2011-06-02 17:11:46'),(432,9,26,'테스트','2011-06-02 17:13:23'),(433,9,26,'ㅡ','2011-06-02 17:13:52'),(447,9,26,'민우, 환영합니다.','2011-06-02 19:25:14'),(448,9,26,'효종도 깔아주세요.','2011-06-02 19:26:49'),(451,9,26,'민우, 메시지 가나요?','2011-06-03 12:56:36'),(460,9,26,'ㄷ','2011-06-09 16:00:13'),(464,1,25,'r','2011-06-13 17:51:31'),(465,1,25,'e','2011-06-13 17:51:55'),(466,1,25,'t','2011-06-13 17:53:40'),(467,1,25,'e','2011-06-13 19:59:52'),(468,1,25,'a','2011-06-13 20:00:14'),(469,1,25,'q','2011-06-13 20:00:28'),(470,1,25,'quite ','2011-06-13 20:01:37'),(471,1,25,'1','2011-06-13 20:02:39'),(472,1,25,'t','2011-06-13 20:04:06'),(473,1,25,'g','2011-06-13 20:05:59'),(474,1,25,'jersey ','2011-06-14 09:25:59'),(475,1,25,'w','2011-06-14 09:30:08'),(476,1,25,'q','2011-06-14 09:32:20'),(477,1,25,'u','2011-06-14 09:34:55'),(478,1,25,'q','2011-06-14 09:36:27'),(479,1,25,'1','2011-06-14 09:39:10'),(480,1,25,'j','2011-06-14 09:41:57'),(481,1,25,'1','2011-06-14 09:45:04'),(482,1,25,'q','2011-06-14 09:46:01'),(483,1,25,'11111','2011-06-14 14:37:20'),(484,9,25,'q','2011-06-14 14:56:58'),(489,1,25,'1111111','2011-06-14 15:24:22'),(490,1,25,'1111','2011-06-14 15:24:35'),(491,1,25,'111111','2011-06-14 15:24:56'),(500,1,25,'.','2011-06-14 15:57:04'),(501,1,25,'111','2011-06-14 15:58:18'),(502,1,25,'123123123123','2011-06-14 15:59:05'),(503,1,25,'123123','2011-06-14 16:01:09'),(504,1,25,'jjjjj','2011-06-14 16:03:09'),(507,1,25,'555555555','2011-06-14 16:09:51'),(511,1,26,'ㅌ','2011-06-14 17:04:12'),(517,9,26,'좋네요.','2011-06-14 17:08:58'),(524,1,25,'test','2011-06-15 15:15:22'),(526,1,26,'테스트  받았음','2011-06-15 15:36:12'),(531,1,26,'되나요?','2011-06-21 16:35:57'),(532,8,30,'하이','2011-06-22 15:46:06'),(533,8,30,'ㅎ','2011-06-22 15:48:01'),(534,8,30,'ㅎ','2011-06-22 15:53:37'),(535,8,30,'ㅎ','2011-06-22 15:54:43'),(536,8,30,'ㅇㅅ','2011-06-22 15:57:19'),(537,8,25,'h','2011-06-22 15:57:59'),(538,8,30,'ㅎ','2011-06-22 16:00:02'),(539,8,25,'hi nice to meet you','2011-06-22 16:00:55'),(540,8,25,'where do you live? I live near hear','2011-06-22 16:01:38'),(541,8,25,'hi','2011-06-22 16:02:52'),(542,8,25,'kk','2011-06-22 16:04:43'),(543,8,25,'hellog','2011-06-22 18:19:38'),(544,8,25,'I\'m tired.','2011-06-22 19:01:10'),(545,8,30,'나도','2011-06-22 19:01:27'),(546,8,25,'zzzzz','2011-06-22 19:01:42'),(547,8,30,'아','2011-06-23 14:31:03'),(548,9,30,'안녕하세요','2011-06-23 15:19:16'),(549,9,26,'테스트','2011-06-23 15:23:20'),(550,1,26,'버전업ᆞ','2011-06-23 15:34:54'),(551,1,30,'안녕하세요','2011-06-23 15:35:14'),(552,8,30,'.','2011-06-23 16:00:30'),(553,8,25,'g','2011-06-23 17:42:02'),(554,1,26,'내일 랩 점심에 같이할수있나요?','2011-06-23 18:46:48'),(555,1,30,'네 몇시에 가나요?','2011-06-23 18:47:37'),(556,1,26,'11시반에서12시 사이에.','2011-06-23 18:48:48'),(557,1,30,'네 알겠습니다 ~','2011-06-23 18:49:28'),(558,1,26,'내일 봐요.','2011-06-23 18:51:43'),(559,1,26,'ㄲ','2011-06-24 13:43:23'),(560,1,30,'ㅌ','2011-06-24 13:43:41'),(561,1,26,'ㄴ','2011-06-24 13:44:01'),(562,9,30,'ㅇ','2011-06-24 13:44:29'),(563,9,30,'ㅌ','2011-06-24 13:47:47'),(564,9,30,'ㅌ','2011-06-24 13:48:39'),(565,9,30,'ㅌ','2011-06-24 13:50:57'),(566,1,30,'ㄹ','2011-06-24 13:51:17'),(567,18,32,'ㅋㅋㅋㅋ','2011-06-24 14:56:35'),(568,18,30,'잘가나요??','2011-06-24 14:59:17'),(569,18,32,'응ㅎㅎ','2011-06-24 15:03:48'),(570,18,30,'아 사진 뭐로 해드릴까요 ??','2011-06-24 15:06:00'),(571,18,32,'암거나ㅎ','2011-06-24 15:06:19'),(572,18,30,'넹','2011-06-24 15:06:38'),(573,9,30,'교수님 초대장 도착했나요??','2011-06-24 15:17:47'),(574,18,31,'ㅌ','2011-06-24 15:20:46'),(575,18,32,'ㅋㅋㅋㅋ튀어요??','2011-06-24 15:21:10'),(576,18,26,'효종 여자친구  사진?','2011-06-24 15:22:57'),(577,18,30,'메시지가 두개 뜨네요 ;;디비엔 하나만있는데 흠','2011-06-24 15:25:04'),(578,21,30,'ㅌ','2011-06-24 15:29:19'),(579,21,30,'ㄹ','2011-06-24 15:29:23'),(580,21,30,'ㅎ','2011-06-24 15:29:25'),(581,21,30,'ㅈ','2011-06-24 15:29:28'),(582,18,26,'알파테스트 효과...','2011-06-24 15:31:56'),(583,18,32,'아여자친구보다좀이쁜사진입니다ㅎㅎ','2011-06-24 15:32:38'),(584,18,30,'ㅎㅎ 제가 작년에','2011-06-24 15:34:55'),(585,18,30,'근데 글이 두개씩 등록 되나요??','2011-06-24 15:36:19'),(586,18,26,'난 하나만 뜨는데. ','2011-06-24 15:38:30'),(587,18,25,'Test','2011-06-24 15:39:55'),(588,18,25,'Test1','2011-06-24 15:40:10'),(589,18,33,'대화창이 열려 있는 상태에서 메시지를 받으면 두개 씩 입력됩니다. 로직상 버그인것 같아요. 우선 참고 바랍니다.','2011-06-24 15:42:55'),(590,21,25,'xx','2011-06-24 15:49:53'),(591,21,25,'xx','2011-06-24 15:50:40'),(592,21,25,'dd','2011-06-24 15:51:32'),(593,21,25,'dd','2011-06-24 15:51:49'),(594,21,30,'서버 테스트','2011-06-24 15:58:26'),(595,21,30,'ㅎ','2011-06-24 16:00:46'),(596,21,25,'session','2011-06-24 16:01:20'),(597,21,25,'ss','2011-06-24 16:03:56'),(598,21,30,'ㄴㄴ','2011-06-24 16:04:04'),(599,21,30,'ㄴㄴ','2011-06-24 16:04:17'),(600,21,30,'ㄷㄷ','2011-06-24 16:05:21'),(601,21,30,'ㅍㅍ','2011-06-24 16:05:30'),(602,18,33,'현재 서버를 개발 머신에서 분리하여 작동토록 했습니다.  사용 중 에러가 날 경우 알려주세요.~~','2011-06-24 16:08:47'),(603,21,30,'ㅍ','2011-06-24 16:18:43'),(604,18,26,'효종  이름이 운영자로둔갑했네요.','2011-06-24 17:28:28'),(605,18,26,'도돌폰과 무슨 관 련?','2011-06-24 17:30:07'),(606,18,26,'이 여자 누군가','2011-06-24 21:29:12'),(607,18,30,'어떤 여자요??','2011-06-24 21:29:46'),(608,18,26,'웃으면서 우는시늉하는.','2011-06-24 21:30:33'),(609,18,30,'아 기본 이미지 같은데 그거 한효주에요 ㅎ','2011-06-24 21:33:03'),(610,18,26,'효주 사진쓰면 house뜨겠네요.','2011-06-24 21:35:02'),(611,18,26,'효종, 한옥마을  앱이 있네요.','2011-06-24 21:46:11'),(612,21,30,'ㅊ','2011-06-25 01:21:11'),(613,18,26,'alpha에서 나도 누굴 초대할수있나요?','2011-06-25 13:18:21'),(614,18,30,'네 초대 할수있으나 사용자가 앱을 설치해야지만 초대장을 볼수있습니다','2011-06-25 13:25:02'),(615,18,26,'ㄱ','2011-06-26 10:29:34'),(616,18,26,'비가  많이오네요.','2011-06-26 10:29:58'),(617,18,30,'어제 부터 하루종일 비가오네요 ㅠ','2011-06-26 10:33:00'),(618,18,32,'앱신청했습니다교수님늦어서죄송합니당','2011-06-26 21:39:00'),(619,18,30,'아 앱신청이 앱창작터 인가요??','2011-06-26 21:48:21'),(620,18,32,'응ㅎ','2011-06-26 21:48:41'),(621,18,33,'안녕하세요. 운영자 글 테스트 입니다. 사용 중 불편한 점 또는 개선해야 점이 있다면 꼭 저에게 알려주시거나 글을 써주세요. ^^ 현재 서버는 4일 정도 계속 켜놨는데 정상적으로 작동 하는 것 같습니다.  -운영자','2011-06-27 17:30:08'),(622,18,26,'운영자에 내 사진이나왔다  효종 사진이 나왔다 하네요.','2011-06-27 17:46:28'),(623,18,26,'민우는 안보이네요.','2011-06-27 17:46:48'),(624,18,31,'ㅋㅋㅋ','2011-06-27 17:47:32'),(625,18,26,'ㅋㅋㅋ?','2011-06-27 17:48:21'),(626,18,30,'흠알람은잘나오나요?','2011-06-27 17:50:51'),(627,18,26,'민우 ㅋㅋㅋ가 두개 뜨네요.','2011-06-27 17:51:03'),(628,18,26,'진홍 글도 두개.','2011-06-27 17:51:27'),(629,18,31,'화면에 팝업되는 알람 보기 안좋네요.','2011-06-27 17:51:55'),(630,18,30,'네그부분버그있어서수정하고있습니다','2011-06-27 17:52:14'),(631,18,30,'네 토스트메시지 유아이도 디자인할게요','2011-06-27 17:53:23'),(632,18,31,'팝업 없애는게어떨지.','2011-06-27 17:54:55'),(633,18,30,'아ㅋ그래도되겠네ㅋ원래테스트용이었거든요','2011-06-27 18:08:03'),(634,18,32,'저녁맛있게드세용','2011-06-27 18:26:09'),(635,18,26,'문제1)사진 바뀜, 문제2)메시지 중복으로나다남, 우선 이들을 해결해야겠네요.','2011-06-27 21:25:12'),(636,18,26,'무등산입니다. 비오는 무등산 참 좋네요.','2011-06-28 17:15:12'),(637,18,31,'비가 꽤 많이오던데 조심히 내려오세요.','2011-06-28 17:16:11'),(638,18,30,'여기도 비쏟아지네요 또장마인가요ㅠㅠ','2011-06-28 17:20:29'),(639,18,26,'두가지문제는 해결되었나요?','2011-06-28 22:05:49'),(640,18,30,'네 메시지두개는 해결됐고 이미지는 수정중입니다','2011-06-28 22:14:59'),(641,18,26,'서울 엄청 비오다 지금은 소강상태네요. ','2011-06-29 14:39:23'),(642,18,26,'효종이는 경주인가요?','2011-06-29 14:40:09'),(643,18,32,'넹ㅎ','2011-06-30 21:17:37'),(644,18,26,'경주 좋네요.','2011-06-30 21:19:25'),(645,18,26,'아직도  메시지 두개 뜨네요.','2011-06-30 21:20:14'),(646,18,32,'ㅎㅎㅎㅎ','2011-06-30 21:20:48'),(647,18,26,'또 두개..','2011-06-30 22:05:39'),(648,18,30,'수정했으나 업뎃을 해야 적용됩니다. 문제가 앱쪽에 있습니다.','2011-06-30 22:07:53'),(649,18,26,'그렇군요. ','2011-06-30 22:09:49'),(650,18,30,'대화를 하는데 불편한 점은 없으신가요??','2011-06-30 22:10:59'),(651,18,26,'좋으네요.  우리 경주입니다.','2011-06-30 22:12:45'),(652,18,30,'경주도비많이왔나요??','2011-06-30 22:16:28'),(653,18,31,'여긴 비 별로 안왔어 ㅋㅋ','2011-06-30 22:18:14'),(654,18,30,'형님도 경주세요? 우왕','2011-06-30 22:21:01'),(655,18,31,'어. 고기먹으러 왔어 ㅋㅋ','2011-06-30 22:21:56'),(656,18,30,'헐퀴 형님께선 고기도 원정뛰시네요ㅋ아무튼재밌게보내시구오세요~~','2011-06-30 22:24:36'),(657,18,32,'진홍아','2011-07-01 20:23:23'),(658,18,30,'네 형','2011-07-01 20:23:44'),(659,18,32,'응','2011-07-01 20:24:11'),(660,18,26,'테스트','2011-07-01 20:24:40'),(661,18,30,'지금오고계신가요!?','2011-07-01 20:24:46'),(662,18,30,'잘 되나요?교수님','2011-07-01 20:25:05'),(663,18,32,'글두개씩뜬당','2011-07-01 20:25:05'),(664,18,30,'네 그거 앱실행상태어서 메시지받으면그렇게되요 ','2011-07-01 20:25:54'),(665,21,30,'ㅠㅠ','2011-07-01 20:40:42'),(666,21,30,'업데이트프로시져구찬','2011-07-01 20:41:06'),(667,18,32,'버그발견학교에서알려줄게','2011-07-01 20:49:06'),(668,18,30,'넹','2011-07-01 20:49:51'),(669,18,32,'ㅎㅎ','2011-07-01 20:50:07'),(670,18,30,'근데너무많이쓰진마세요데이터사용량이꽤나옵니다','2011-07-01 20:53:35'),(671,18,32,'ㅋㅋㅋㅋㅋㅋ괜찮앙ㅎㅎ','2011-07-01 20:53:59'),(672,18,30,'특히멤버리스트나 그룹리스트는 대충한거라 계속값을받아오거든요암튼로직을생각중입니다','2011-07-01 20:55:21'),(673,18,26,'중대한 결함이네요.','2011-07-02 08:16:24'),(674,18,32,'비가너무많이오네용','2011-07-03 19:47:53'),(675,18,26,'엄청나네요.','2011-07-03 19:54:11'),(676,18,26,'때이른 장마입니다.','2011-07-03 20:35:31'),(677,18,26,'내일 넷이 같이 커피합시다.','2011-07-03 20:36:26'),(678,18,31,'네. ','2011-07-03 20:37:41'),(679,18,26,'커피 갑시다.','2011-07-04 15:05:48'),(680,18,30,'네 알겠습니다','2011-07-04 15:06:23'),(681,21,25,'dd','2011-07-04 15:07:11'),(682,8,30,'ㅌ','2011-07-06 14:57:30'),(683,21,25,'tt','2011-07-06 17:39:37'),(684,21,25,'t','2011-07-06 17:40:08'),(685,21,25,'tt','2011-07-06 17:40:24'),(686,21,25,'rr','2011-07-06 17:44:38'),(687,21,25,'rr','2011-07-06 17:45:18'),(688,21,25,'yy','2011-07-06 17:48:28'),(689,21,25,'yy','2011-07-06 17:48:50'),(690,21,25,'ff','2011-07-06 17:48:57'),(691,21,25,'yy','2011-07-06 18:10:42'),(692,21,25,'dd','2011-07-06 18:10:50'),(693,21,25,'ss','2011-07-06 18:11:14'),(694,21,25,'dd','2011-07-06 18:11:46'),(695,21,25,'hh','2011-07-06 18:11:58'),(696,21,25,'hh','2011-07-06 18:12:37'),(697,21,25,'ffff','2011-07-06 18:17:00'),(698,21,25,'dd','2011-07-06 18:19:11'),(699,21,25,'oo','2011-07-06 18:23:00'),(700,21,25,'oo','2011-07-06 18:24:25'),(701,21,25,'oo','2011-07-06 18:24:34'),(702,21,25,'oo','2011-07-06 18:24:47'),(703,21,25,'oo','2011-07-06 18:25:27'),(704,21,25,'oo','2011-07-06 18:25:35'),(705,21,25,'oo','2011-07-06 18:25:45'),(706,21,25,'oooo','2011-07-06 18:26:24'),(707,21,25,'iii','2011-07-06 18:27:10'),(708,21,25,'iiiiii','2011-07-06 18:27:18'),(709,21,25,'ooooooooo','2011-07-06 18:27:26'),(710,21,25,'oooo','2011-07-06 18:28:09'),(711,21,25,'loooooooo','2011-07-06 18:28:55'),(712,21,30,'ㅇ','2011-07-06 18:29:39'),(713,21,25,'hhh','2011-07-06 18:44:22'),(714,21,30,'ㅇ','2011-07-06 19:01:17'),(715,3,30,'ㅇㅇ','2011-07-06 19:26:23'),(716,3,30,'뮤','2011-07-06 19:26:27'),(717,21,30,'ㅇㅇㅇㅇㅇ','2011-07-06 19:32:57'),(718,8,25,'h','2011-07-06 19:45:20'),(719,21,30,'ㄹㄹㅎ','2011-07-06 21:02:49'),(720,8,30,'ㄹㄹㄹㄹㄹ','2011-07-06 21:03:11'),(721,22,30,'정진우 똥개','2011-07-06 21:05:16'),(722,21,30,'ㅇㅇㅇ','2011-07-06 22:57:12'),(723,21,30,'ㅇㅇ','2011-07-06 23:55:50'),(724,21,30,'ㅇ','2011-07-07 15:30:32'),(725,21,30,'ㅇ','2011-07-07 15:33:38'),(726,21,30,'ㅇ','2011-07-07 15:35:01'),(727,21,30,'0','2011-07-07 15:38:00'),(728,21,30,'ㅇ','2011-07-07 16:22:08'),(729,21,30,'ㄹ','2011-07-07 17:43:26'),(730,22,30,'ㅇㅇ','2011-07-07 19:03:20'),(731,21,25,'d','2011-07-08 16:49:39'),(732,21,30,'ㅇ','2011-07-08 17:47:52'),(733,22,30,'ㄹㄹㄹ래','2011-07-09 09:01:14'),(734,24,25,'d','2011-07-09 21:33:54'),(735,22,30,'ㅇㅇ','2011-07-10 01:37:42'),(736,22,30,'ㅅㅅ','2011-07-10 01:45:21'),(737,3,30,'ㅇㅇ','2011-07-10 01:51:06'),(738,21,30,'테스트입니다','2011-07-10 03:56:46'),(739,18,25,'test after changing design','2011-07-10 16:00:09'),(740,8,25,'test','2011-07-10 16:00:59'),(741,8,30,'안녕','2011-07-10 16:01:28'),(742,8,25,'hi','2011-07-10 16:01:38'),(743,8,25,'hi','2011-07-10 16:02:13'),(744,8,30,'안녕','2011-07-10 16:02:30'),(745,8,25,'shit','2011-07-10 16:09:34'),(746,8,25,'shit','2011-07-10 16:09:54'),(747,8,25,'shit\n','2011-07-10 16:10:04'),(748,8,30,'ㅇㅇ','2011-07-10 16:10:17'),(749,18,30,'아정말하루종일비오네요ㅠㅠ','2011-07-10 16:16:55'),(750,8,25,'dddddddddd','2011-07-11 18:04:54'),(751,8,30,'ㅁ무','2011-07-11 18:05:13'),(752,8,30,'ㅁ','2011-07-11 18:05:20'),(753,8,25,'hello\n','2011-07-11 18:05:46'),(754,8,30,'ㄱㄱㄱㄱㄱ','2011-07-11 18:05:55'),(755,21,30,'ㅇ','2011-07-11 18:53:14'),(756,22,30,'안녕하세요','2011-07-11 19:34:01'),(757,18,26,'어제 전주천  대단했읍니다.','2011-07-11 20:17:53'),(758,18,30,'홍수안나서다행입니다','2011-07-11 20:18:50'),(759,21,30,'ㅇ','2011-07-11 22:21:32'),(760,21,30,'ㅇㅇ','2011-07-12 14:58:10'),(761,21,30,'ㅇㅇ','2011-07-12 14:58:19'),(762,21,30,'ㄴㄴ','2011-07-12 14:59:33'),(763,21,30,'ㅁㅁ','2011-07-12 15:13:48'),(764,21,30,'ㅇㅇ','2011-07-12 15:14:07'),(765,21,30,'ㅇㅇㅇㅇㅇㅇㅇ','2011-07-12 15:21:16'),(766,1,25,'ggg','2011-07-12 15:27:30'),(767,1,30,'ㅇㅇㅇㅇㅇ','2011-07-12 15:27:47'),(768,1,26,'연예인조작단 테스트글 왔 습니다.','2011-07-12 15:34:06'),(769,1,30,'네 감사합니다 확인했습니다','2011-07-12 15:35:15'),(770,21,30,'ㅇㅇ','2011-07-12 16:04:08'),(771,21,30,'하','2011-07-12 17:06:00'),(772,8,25,'hi','2011-07-12 17:08:34'),(773,8,30,'ㅇㅇㅇ','2011-07-12 17:08:55'),(774,8,30,'ㅇㅇㅇㅇ','2011-07-12 17:14:16'),(775,8,30,'ㅇㅇ','2011-07-13 08:55:15'),(776,18,26,'디자인을 붙이니 좋네요.','2011-07-13 15:50:38'),(777,24,30,'ㅇㅇㅇ','2011-07-14 15:03:06'),(778,24,30,'ㅇㅇㅇ','2011-07-14 15:04:00'),(779,24,25,'ddddd','2011-07-14 18:38:34'),(780,24,30,'ㅇㅇ','2011-07-14 18:39:00'),(781,3,30,'ㅇㅇ','2011-07-15 01:02:35'),(782,18,26,'월요일 오후5시부터 트레디오와 과제 미팅. 진홍시간되나요?','2011-07-15 11:29:34'),(783,18,30,'방금 민우 형한테 연락 받았습니다 참석하겠습니다','2011-07-15 11:31:31'),(784,18,26,'진홍,동생 지금 어디있나요?','2011-07-15 14:25:50'),(785,18,30,'아마 기숙사에 있을텐데요 잘모르겠네요','2011-07-15 14:27:06'),(786,18,26,'나한테전화하라고 전해주세요.','2011-07-15 14:37:42'),(787,18,30,'아 죄송합니다 글을 이제서야  봤습니다 동생한테 연락하라하겠습니다','2011-07-15 15:39:01'),(788,24,30,'ㅇㅇㅇ','2011-07-15 16:30:00'),(790,18,26,'진홍, 정진 다음주부터 같이 하기로 했읍니다. 축하해주기바랍니다.','2011-07-15 17:54:19'),(791,18,30,'아 그렇게되었군요 감사합니다','2011-07-15 18:11:44'),(792,25,30,'ㅇ','2011-07-16 22:40:59'),(793,24,30,'ㅇㅇ','2011-07-16 22:44:40'),(794,3,30,'ㅇㅇ','2011-07-18 14:15:11'),(795,18,26,'ㅋ ㅋ ㅎㅎ','2011-07-18 18:22:42');
/*!40000 ALTER TABLE `message_repository` ENABLE KEYS */;
UNLOCK TABLES;

--
-- Table structure for table `user_info`
--

DROP TABLE IF EXISTS `user_info`;
/*!40101 SET @saved_cs_client     = @@character_set_client */;
/*!40101 SET character_set_client = utf8 */;
CREATE TABLE `user_info` (
  `u_code` int(11) NOT NULL AUTO_INCREMENT,
  `phone_number` varchar(45) DEFAULT NULL,
  `password` varchar(45) DEFAULT NULL,
  `email_address` varchar(45) DEFAULT NULL,
  `name` varchar(45) DEFAULT NULL,
  `on_line_id` varchar(45) DEFAULT NULL,
  `join_date` datetime DEFAULT NULL,
  `photo_path` varchar(45) DEFAULT NULL,
  `registration_id` text,
  PRIMARY KEY (`u_code`)
) ENGINE=InnoDB AUTO_INCREMENT=34 DEFAULT CHARSET=utf8;
/*!40101 SET character_set_client = @saved_cs_client */;

--
-- Dumping data for table `user_info`
--

LOCK TABLES `user_info` WRITE;
/*!40000 ALTER TABLE `user_info` DISABLE KEYS */;
INSERT INTO `user_info` VALUES (1,'01011111111','1111',NULL,'김태희','천국의 계단',NULL,'01011111111.jpg',NULL),(2,'01022222222','2222',NULL,'임수정','미안하다 사랑한다',NULL,'01022222222.jpg',NULL),(3,'01033333333','3333',NULL,'정우성','이지아 썩을년',NULL,'01033333333.jpg',NULL),(4,'01044444444','4444',NULL,'이지아','서태지 나쁜놈',NULL,'01044444444.jpg',NULL),(5,'01055555555','5555',NULL,'서태지','이지아 이지아놈',NULL,'01055555555.jpg',NULL),(6,'01066666666','6666',NULL,'한효주',NULL,NULL,'01066666666.jpg',NULL),(23,'15555215556',NULL,NULL,'Steve Pan',NULL,'2011-05-15 23:28:21','15555215556.jpg',''),(25,'15555215554',NULL,NULL,'Tester1',NULL,'2011-05-24 16:02:46','15555215554.jpg','APA91bE94RLQv9a6CxTFx136CePNaM-evDcC2B2OZ4WQM8VLAP7XPBD9swFyiH5VINZYJVDLue2R7w4n2izeCDuwzpSqm6qZhJ2c9jP0Z_q1YHgkpps-OQA'),(26,'01072483401',NULL,NULL,'오일석',NULL,'2011-05-25 15:16:52','01072483401.gif','APA91bFwh7YiN9CG98AdBMww-_sjKq-9MTvtKkY5UFYw2CrnwrQ8WUavaFADZb5k50U2IaiCUROL7i9RfgHROzkTMGACb0ai696INgmyrJe-ingFXUV-MKU'),(30,'01049042758',NULL,NULL,'정진홍',NULL,'2011-06-21 15:16:21','01049042758.jpg','APA91bEqSXno-NxSQDR8TQiTn0L-3GurQTUrMUxtEQAkkSWV4Q94CxpCUBEm474yNd4CoE16Pvko0328Lv7NRtPTWQX1kgseI-3KJ2SKQ8Dn46PD0kFt29g'),(31,'01026841576',NULL,NULL,'김민우',NULL,'2011-06-24 14:46:58','01026841576.jpg','APA91bHanpbwSBut-oIGt_txcCD3gd5fG8c2pSPjFtVabLk_uEplGsg42BxRhq4OKcLfJTx2gVhwpHKyMkGANC1TaBTimB-8cGh8ErcGvOfzi2ARxAlAC8g'),(32,'01041318129',NULL,NULL,'전효종',NULL,'2011-06-24 14:55:27','01041318129.jpg','APA91bGUQqS_iN3x3rk_z4M5S3WlbwoNBfOVebB-nRcQ2dS_ZObtFShnDYGZEWNFwQdnZGKBz2ixaBGUImFmt0WoZ5ncXzk1ZmqN6C9WQwhX0vA3wZswm-w'),(33,'00000000000',NULL,NULL,'운영자',NULL,NULL,NULL,NULL);
/*!40000 ALTER TABLE `user_info` ENABLE KEYS */;
UNLOCK TABLES;
/*!40103 SET TIME_ZONE=@OLD_TIME_ZONE */;

/*!40101 SET SQL_MODE=@OLD_SQL_MODE */;
/*!40014 SET FOREIGN_KEY_CHECKS=@OLD_FOREIGN_KEY_CHECKS */;
/*!40014 SET UNIQUE_CHECKS=@OLD_UNIQUE_CHECKS */;
/*!40101 SET CHARACTER_SET_CLIENT=@OLD_CHARACTER_SET_CLIENT */;
/*!40101 SET CHARACTER_SET_RESULTS=@OLD_CHARACTER_SET_RESULTS */;
/*!40101 SET COLLATION_CONNECTION=@OLD_COLLATION_CONNECTION */;
/*!40111 SET SQL_NOTES=@OLD_SQL_NOTES */;

-- Dump completed on 2011-07-18 20:58:42
